Phone Model,Price,Website
"Redmi Note 7 Pro (Space Black, 64 GB)","13,999",Flipkart
"Redmi Note 7 Pro (Neptune Blue, 64 GB)","13,999",Flipkart
"Redmi Note 7S (Sapphire Blue, 32 GB)","10,999",Flipkart
"Vivo V15 (Frozen Black, 64 GB)","19,990",Flipkart
"Realme 3 (Radiant Blue, 32 GB)","8,999",Flipkart
"Redmi Note 7S (Onyx Black, 32 GB)","10,999",Flipkart
"Redmi Note 7 Pro (Nebula Red, 64 GB)","13,999",Flipkart
"Redmi Note 7 Pro (Space Black, 128 GB)","16,999",Flipkart
"Realme 3 Pro (Lightning Purple, 128 GB)","16,999",Flipkart
"Realme 3 Pro (Lightning Purple, 64 GB)","15,999",Flipkart
"Redmi Note 7S (Ruby Red, 32 GB)","10,999",Flipkart
"Redmi 6 (Black, 64 GB)","7,499",Flipkart
"Redmi 6 (Gold, 64 GB)","7,499",Flipkart
"Honor 8C (Blue, 64 GB)","13,849",Flipkart
"OPPO A3s (Purple, 64 GB)","9,990",Flipkart
"Redmi Note 7 Pro (Neptune Blue, 128 GB)","16,999",Flipkart
"Redmi 6 (Rose Gold, 64 GB)","7,499",Flipkart
"Redmi Go (Blue, 16 GB)","4,799",Flipkart
"Redmi 6 (Blue, 64 GB)","7,499",Flipkart
Niamia CAD 2 Combo of Two Mobiles,999,Flipkart
"Realme 3 Pro (Nitro Blue, 128 GB)","16,999",Flipkart
"Redmi Note 7 Pro (Nebula Red, 128 GB)","16,999",Flipkart
"Infinix Smart 3 Plus (Midnight Black, 32 GB)","6,999",Flipkart
"Vivo V15 (Aqua Blue, 64 GB)","19,990",Flipkart
"Vivo Y91i (32GB, 2GB) Fusion Black","Rs.  7,990",Snapdeal
"Micromax Canvas Infinity ( 32GB , 3 GB ) Black","Rs.  6,299",Snapdeal
"Vivo V15 ( 64GB , 6 GB ) Black","Rs.  19,990",Snapdeal
"Motorola E5 Plus with 6''HD display,3GB- ( 32GB , 3 GB ) Black","Rs.  8,391",Snapdeal
"I Kall K5 with 4G VolTe ( 16GB , 2 GB ) Blue","Rs.  3,999",Snapdeal
"OPPO A5 ( 32GB , 4 GB ) Red","Rs.  12,047",Snapdeal
"Vivo Y91i (32GB, 2GB) Ocean Blue","Rs.  7,990",Snapdeal
"iVooMi Z1 (Platinum Gold, 16 GB)  (2 GB RAM)","Rs.  4,499",Snapdeal
"Vivo V15Pro ( 128GB , 8 GB ) Red","Rs.  29,990",Snapdeal
"Micromax canvas infinity ( 32GB , 3 GB ) Black Steel","Rs.  6,299",Snapdeal
"Samsung Galaxy M10 ( 16GB , 2 GB ) Black","Rs.  9,999",Snapdeal
"MI Note 7 Pro (4GB RAM) ( 64GB , 4 GB ) Black","Rs.  15,938",Snapdeal
"Vivo V15 ( 64GB , 6 GB ) Aqua Blue","Rs.  19,990",Snapdeal
"Micromax Q326 Plus ( 8GB , 1 GB ) Grey","Rs.  3,495",Snapdeal
"Vivo Y91 ( 32GB , 3 GB ) Black","Rs.  9,990",Snapdeal
"OPPO A5 ( 32GB , 4 GB ) Blue","Rs.  12,047",Snapdeal
"MI Mix 3 ( 128GB , 6 GB ) Black","Rs.  56,000",Snapdeal
"Samsung Galaxy J6 ( 64GB , 4 GB ) Blue","Rs.  10,777",Snapdeal
"Celkon UFeel 4G ( 8GB , 1 GB ) Black","Rs.  3,999",Snapdeal
"Samsung Galaxy J6 ( 64GB , 4 GB ) Black","Rs.  10,777",Snapdeal
LEAF BT Hphone BASS Free Gift,999.00,Croma
"Nokia 3.2 (Black, 16 GB, 2 GB RAM)","8,490.00",Croma
"Skullcandy Jib Plus Bluetooth Earphones (S2JPW-M003, Black)","1,999.00",Croma
"Oppo Reno Pro (Ocean Green, 256 GB, 8 GB RAM)","49,990.00",Croma
"Oppo Reno Pro (Jet Black, 256 GB, 8 GB RAM)","49,990.00",Croma
"Oppo Reno (Ocean Green, 128 GB, 8 GB RAM)","32,990.00",Croma
"Oppo Reno (Jet Black, 128 GB, 8 GB RAM)","32,990.00",Croma
"Xiaomi Redmi Note 7S (Ruby Red, 32 GB, 3 GB RAM)","11,499.00",Croma
"Vivo V15 Pro (Blue, 128 GB, 8 GB RAM)","29,990.00",Croma
"Oppo F11 (Flourite Purple, 128 GB, 4 GB RAM)","17,990.00",Croma
"Oppo F11 (Marble Green, 128 GB, 4 GB RAM)","17,990.00",Croma
"Oppo F11 Pro (Thunder Black, 128 GB, 6 GB RAM)","23,990.00",Croma
"Xiaomi Redmi 7 (Eclipse Black, 32 GB, 3 GB RAM)","9,299.00",Croma
"Xiaomi Redmi 7 (Lunar Red, 32 GB, 2 GB RAM)","8,299.00",Croma
"Xiaomi Redmi 7 (Comet Blue, 32 GB, 2 GB RAM)","8,299.00",Croma
"Xiaomi Redmi 7 (Eclipse Black, 32 GB, 2 GB RAM)","8,299.00",Croma
"Xiaomi Redmi Y3 (Elegant Blue, 32 GB, 3 GB RAM)","10,499.00",Croma
"Xiaomi Redmi Y3 (Prime Black, 32 GB, 3 GB RAM)","10,499.00",Croma
"Nokia 4.2 (Pink, 32 GB, 3 GB RAM)","10,490.00",Croma
"Nokia 4.2 (Black, 32 GB, 3 GB RAM)","10,490.00",Croma
ONE PLUS 7 PRO PREBOOK ONLINE,"2,000.00",Croma
"Jabra Elite Active Wireless Earphones (45e, Nacy)","6,499.00",Croma
"Jabra Elite Active Wireless Earphones (45e, Black)","6,499.00",Croma
"Jabra Bluetooth Headphones (Elite 85h, Titanium Black)","26,099.00",Croma
